ทะเบียนรายชื่อสถานประกอบการที่หลักสูตรอนุญาตให้สามารถปฏิบัติสหกิจศึกษาได้ ในปีการศึกษา 2568,,
Last updated 13/01/2568,,
,,
Code,ชื่อสถานประกอบการ (ภาษาไทย),ที่ตั้ง
C01,บริษัท ซีดีจี กรุ๊ป จำกัด,202 ถนนนางลิ้นจี่ แขวงช่องนนทรี เขตยานนาวา กรุงเทพมหานคร 10120
C02,กลุ่มวิจัยปัญญาประดิษฐ์ ทีมวิจัยเทคโนโลยีภาษาธรรมชาติและความหมาย NECTEC,ศูนย์เทคโนโลยีอิเล็กทรอนิกส์และคอมพิวเตอร์แห่งชาติ (NECTEC) 112 ถนนพหลโยธิน
C03,ตลาดหลักทรัพย์แห่งประเทศไทย (SET),93 ถนนรัชดาภิเษก
C04,ธนาคารกรุงเทพ จำกัด (มหาชน),333 ถนนสีลม
C05,ธนาคารทหารไทยธนชาต จำกัด (มหาชน,ทีทีบี สำนักงานใหญ่  3000 ถนนพหลโยธิน
C06,ธนาคารไทยพาณิชย์ จำกัด (มหาชน),ธนาคารไทยพาณิชย์ จำกัด (มหาชน) สำนักงานใหญ่ 9 ถนนรัชดาภิเษก
C09,บริษัท เงินเทอร์โบ จำกัด (มหาชน),500 หมู่ 3 ถนนติวานนท์
C10,บริษัท จีเอเบิล จำกัด (มหาชน),127/30 อาคารปัญจธานี ชั้นที่ 25 ถนนนนทรี
C11,บริษัท เจริญโภคภัณฑ์อาหาร จำกัด (มหาชน),เลขที่ 313 อาคารซีพี ทาวเวอร์ ถนนสีลม
C12,บริษัท ซี.เจ. เอ็กซ์เพรส กรุ๊ป จำกัด,"393 อาคาร393 สีลม ชั้น2,4และ5 ถนนสีลม"
C13,บริษัท ที.ซี.ซี. เทคโนโลยี จำกัด,บริษัท ที.ซี.ซี.เทคโนโลยี จำกัด อาคารสีลมเอจ เลขที่ 2 ชั้น 15 ถนนสีลม
C14,บริษัท ไทยประกันชีวิต จำกัด (มหาชน),บริษัท ไทยประกันชีวิต จำกัด (มหาชน) 123 ถนน รัชดาภิเษก
C16,บริษัท บีอีซี เวิลด์ จำกัด (มหาชน),"3199 อาคารมาลีนนท์ ชั้น 2, 3, 4, 9, 10, 30-34 ถนนพระราม 4"
C17,บริษัท เบทาโกร จำกัด (มหาชน),323 ม.6 ถ.วิภาวดีรังสิต
C18,บริษัท ปูนซิเมนต์ไทย จำกัด (มหาชน),บริษัท ปูนซิเมนต์ไทย จำกัด (มหาชน) สำนักงานใหญ่1 ถนนปูนซิเมนต์ไทย
C19,บริษัท โปรทอส เทคโนโลยี จำกัด,9 อาคารจี ทาวเวอร์ แกรนด์ พระราม 9 ห้อง ดับเบิลยู 10 ชั้น 30 ถนนพระราม 9 แขวงห้วยขวาง เขตห้วยขวาง กรุงเทพมหานคร 10310
C24,บริษัท อยุธยา แคปปิตอล ออโต้ ลีส จำกัด (มหาชน),1222 ถนนพระรามที่ 3
C25,บริษัท อะไรส์ บาย อิน ฟินิธัส จำกัด,"88 ตึก The PARQ ชั้น 5, ชั้น 9-10 ถ.รัชดาภิเษก"
C26,บริษัท เอ็ม 365 (ประเทศไทย) จำกัด,"เอ็มไพร์ทาวเวอร์ S Sathon Rd, Yan Nawa,"
C27,บริษัท ไอทีวัน จำกัด,"118/1, อาคารทิปโก้ ชั้น 22-23, ถนนพระราม 6,"
C28,บริษัท ไอบอทน้อย จำกัด,FYI Center ชั้น 11 เลขที่ 2525 ถนนพระราม 4
C29,บริษัทกสิกร บิซิเนส-เทคโนโลยี กรุ๊ป.,"อาคาร KBTG 46/6 Popular Rd, Ban Mai,"
C30,บริษัทหลักทรัพย์ หยวนต้า (ประเทศไทย) จำกัด,127 อาคารเกษร ทาวเวอร์ ชั้น 14-16 ถนนราชดำริ
C31,สำนักงานพัฒนาธุรกรรมทางอิเล็กทรอนิกส์ (สพธอ.),ศูนย์ราชการเฉลิมพระเกียรติ 80 พรรษา (อาคารบี) ชั้นที่ 6 เลขที่ 120 หมู่ที่ 3 ถนนแจ้งวัฒนะ
C32,บริษัท โกซอฟท์ (ประเทศไทย) จํากัด,อาคาร THE TARA เลขที่ 58/28 หมู่ 2 ถนนแจ้งวัฒนะ ตำบลบางตลาด อำเภอปากเกร็ด จังหวัดนนทบุรี 11120
C33,บริษัท เอสซีบี เทคเอกซ์ จำกัด,19 อาคารไทยพาณิชย์ ปาร์ค พลาซ่า เวสท์ บี ชั้นที่ 21 ถนนรัชดาภิเษก แขวงจตุจักร เขตจตุจักร กรุงเทพมหานคร 10900
C34,บริษัท พีทีที ดิจิตอล โซลูชั่น จำกัด,เลขที่ 59 ถนนราษฎร์นิยม ตำบลเนินพระ อำเภอเมืองระยอง จังหวัดระยอง 21150
C35,บริษัท อินฟิไลท์ จำกัด,99/207 หมู่บ้าน นนทรี รีเจ้นท์ หมู่ที่ 4 ถนนราชพฤกษ์ ตำบลบางขนุน อำเภอบางกรวย จ.นนทบุรี
C36,บริษัท ไลน์แมน วงใน จำกัด,195 อาคารวัน แบงค็อก ทาวเวอร์ 4 ชั้นที่ 24 ห้องเลขที่ 2411-2412 และชั้นที่ 25 ห้องเลขที่ 2501-2514 ถนนวิทยุ แขวงลุมพินี เขตปทุมวัน กรุงเทพมหานคร 10330
C37,บริษัท เอไอไนน์ จำกัด,131 อาคารกลุ่มนวัตกรรม 1 ชั้นที่ 2 ห้องเลขที่ ไอเอ็นซี 1-201 หมู่ที่ 9 ตำบลคลองหนึ่ง อำเภอคลองหลวง จ.ปทุมธานี
C38,บริษัทเอสซีจี เคมิคอลส์ จํากัด (มหาชน),1 ถนนปูนซิเมนต์ไทย บางซื่อ กรุงเทพฯ 10800
C39,บริษัท สยามคูโบต้าคอร์ปอเรชั่น จำกัด,"สำนักงานใหญ่ 101/19-24 หมู่ที่ 20 นิคมอุตสาหกรรมนวนคร ต.คลองหนึ่ง อ.คลองหลวง จ.ปทุมธานี 12120
"
C40,บริษัท ทิสโก้ อินฟอร์เมชั่นเทคโนโลยี จำกัด,"48/2 TISCO TOWER ,Soi Saladeang , Sathorn North Rd., , Bangkok"
C41,กองออกแบบและพัฒนาผลิตภัณฑ์ดิจิทัล สำนักดิจิทัล การไฟฟ้าส่วนภูมิภาค,121/1-2 ถนนเพชรบุรี แขวงทุ่งพญาไท เขตราชเทวี กรุงเทพฯ 10400
C42,ศูนย์เทคโนโลยีอิเล็กทรอนิกส์และคอมพิวเตอร์แห่งชาติ (NECTEC),"112 Phahonyothin Road, Khlong Nueng,  Khlong Luang District, Pathumthani 12120, Thailand"
C43,บริษัท อโกดา เซอร์วิสเซส จำกัด,"999/9 อาคารดิออฟฟิศเศส แอท เซ็นทรัลเวิลด์ ชั้น 6-9, 11-12, 16, 22, 27, 36 และ44 ถนนพระราม 1 แขวงปทุมวัน เขตปทุมวัน กรุงเทพมหานคร 10330"
C44,กลุ่มบริษัทแอดวานซ์ อินโฟร์ เซอร์วิส จำกัด (มหาชน),เลขที่ 414 อาคาร เอไอเอส 1 ถนนพหลโยธิน แขวงสามเสนใน เขตพญาไท กรุงเทพฯ 10400
C45,บริษัท บางจาก คอร์ปอเรชั่น จำกัด (มหาชน),2098 อาคารเอ็ม ทาวเวอร์ ชั้นที่ 8 ถนนสุขุมวิท แขวงพระโขนงใต้ เขตพระโขนง กรุงเทพมหานคร 10260
C46,บริษัท เบลนเดต้า จำกัด,110/1 ถนนกรุงธนบุรี แขวงบางลำภูล่าง เขตคลองสาน กรุงเทพมหานคร 10600
C47,บริษัท เซ็นทรัล รีเทล คอร์ปอเรชั่น จำกัด (มหาชน),22 ซอยสมคิด ถนนเพลินจิต แขวงลุมพินี เขตปทุมวัน กรุงเทพมหานคร 10330
C48,บริษัท คลาวด์ เอชเอ็ม จำกัด,499 ถนนกำแพงเพชร 6 แขวงลาดยาว เขตจตุจักร กรุงเทพมหานคร 10900
C49,บริษัท เดลิเทค จำกัด,171 ซอยพระรามที่ 3 ซ.77 แขวงช่องนนทรี เขตยานนาวา กรุงเทพมหานคร 10120
C50,บริษัท เอ็กซอนโมบิล จำกัด,3195/17-29 ถนนพระราม 4 แขวงคลองตัน เขตคลองเตย กรุงเทพมหานคร 10110
C51,บริษัท หัวเว่ย เทคโนโลยี่ (ประเทศไทย) จำกัด,9 อาคารจี ทาวเวอร์ แกรนด์ พระราม 9 ห้องเลขที่ จีเอ็น 01-04 ชั้น 34-39 ถนนพระราม 9 แขวงห้วยขวาง เขตห้วยขวาง กรุงเทพมหานคร 10310
C52,บริษัท อินโนเวทีฟ เอ็กซ์ตรีมิสต์ จำกัด,3 อาคารพร้อมพันธุ์ 3 ชั้นที่ 16 ห้องเลขที่ 1608-1614 ซอยลาดพร้าว 3 ถนนลาดพร้าว แขวงจอมพล เขตจตุจักร กรุงเทพมหานคร 10900
C53,บริษัท คิง เพาเวอร์ คลิก จำกัด,8 ถนนรางน้ำ แขวงถนนพญาไท เขตราชเทวี กรุงเทพมหานคร 10400
C54,ตลาดหลักทรัพย์ลอนดอน (LSEG),"968 U Chu Liang Building, 34th Floor, Silom, Bang Rak, Bangkok 10500, Thailand"
C55,บริษัท กรุ๊ป-ไอบี เอสอีเอ จำกัด,77/77 หมู่ที่ 5 ตำบลรัษฎา อำเภอเมืองภูเก็ต จ.ภูเก็ต 83000
C56,บริษัท ไทยสมุทรประกันชีวิต จำกัด (มหาชน),170/74-83 อาคารโอเชี่ยนทาวเวอร์ 1 ถนนรัชดาภิเษก แขวงคลองเตย เขตคลองเตย กรุงเทพมหานคร 10110
C57,"บริษัท ไอเดียแล็บ จำกัด
",999/9 อาคารดิ ออฟฟิศเศส แอท เซ็นทรัลเวิลด์ ชั้น 16 ห้อง OFML1605-6 ถนนพระราม1 แขวงปทุมวัน เขตปทุมวัน กรุงเทพมหานคร 10330
C58,บริษัท บี ทรี เทคโนโลยี จำกัด,1/7 ซอยลาดพร้าว 64 แยก 4 แขวงวังทองหลาง เขตวังทองหลาง กรุงเทพมหานคร 10310
C59,ธนาคารเกียรตินาคินภัทร จำกัด (มหาชน),209 อาคารเคเคพี ทาวเวอร์ ถนนสุขุมวิท 21 (อโศก) แขวงคลองเตยเหนือ เขตวัฒนา กรุงเทพมหานคร 10110
C60,บริษัทดูโฮม จำกัด (มหาชน),88/111 ต.บางพูน อ.เมือง จ.ปทุมธานี
C61,บริษัท สกิลเลน เทคโนโลยี จำกัด (มหาชน),"1 อาคารเอ็มไพร์ ทาวเวอร์ ชั้นที่ 35 ห้องเลขที่ 3510,3511 ถนนสาทรใต้ แขวงยานนาวา เขตสาทร กรุงเทพมหานคร 10120"
C62,บริษัท เก็ต ออน เทคโนโลยี จำกัด,9/196 ซอยรัชประชา 4 ถนนรัชดาภิเษก แขวงจตุจักร เขตจตุจักร กรุงเทพมหานคร 10900
C63,บริษัท ดาต้าฟาร์ม จำกัด,3 อาคารซี.พี.ทาวเวอร์ 2 (ฟอร์จูนทาวน์) ชั้น 21 ถนนรัชดาภิเษก แขวงดินแดง เขตดินแดง กรุงเทพมหานคร 10400
C64,บริษัท เอ็ดไวซอรี่ จำกัด (สำนักงานใหญ่),111 ทรูดิจิทัล พาร์ค เวสต์ อาคารยูนิคอร์น ชั้น 5 ห้อง SH561 และ SH564 ถนนสุขุมวิท แขวงบางจาก เขตพระโขนง กรุงเทพมหานคร 10260
C65,บริษัท กรุงศรี นิมเบิล จำกัด,1222 อาคารธนาคารกรุงศรีอยุธยา จำกัด (มหาชน) สำนักงานใหญ่ ชั้นที่ 21 ถนนพระรามที่ 3 แขวงบางโพงพาง เขตยานนาวา กรุงเทพมหานคร 10120
C66,โรงพยาบาลสินแพทย์ลำลูกกา,37/29 หมู่ที่ 3 ตำบลคูคต อำเภอลำลูกกา จ.ปทุมธานี 12130
C67,บริษัท ไอ.แอล.เอส จำกัด,เลขที่ 71 หมู่ 3 ถนนตัดใหม่ ต. บ้านใหม่ ปากเกร็ด นนทบุรี ประเทศไทย 11120
C68,บริษัท ศุภาลัย จำกัด (มหาชน),1011 ถนนพระราม 3 แขวงช่องนนทรี เขตยานนาวา กรุงเทพมหานคร 10120
C69,บริษัท หัวเว่ย เทคโนโลยี่ (ประเทศไทย) จำกัด,9 อาคารจี ทาวเวอร์ แกรนด์ พระราม 9 ห้องเลขที่ จีเอ็น 01-04 ชั้น 34-39 ถนนพระราม 9 แขวงห้วยขวาง เขตห้วยขวาง กรุงเทพมหานคร 10310
C70,บริษัท คิวบ์ ซอฟท์เทค จำกัด,160/170-2 อาคารไอทีเอฟ-สีลมพาเลส ชั้น 13 ถนนสีลม แขวงสุริยวงศ์ เขตบางรัก กรุงเทพมหานคร 10500
C71,บริษัท ซีพี ออลล์ จำกัด (มหาชน),313 อาคารซี.พี.ทาวเวอร์ ชั้นที่ 24 ถนนสีลม แขวงสีลม เขตบางรัก กรุงเทพมหานคร 10500
C72,บริษัทบิ๊กซี ซูเปอร์เซ็นเตอร์ จํากัด (มหาชน),88/9 ซอยสมานฉันท์ - บาร์โบส แขวงพระโขนง เขตคลองเตย กรุงเทพมหานคร
C73,บริษัท เมอร์ซิล โซลูชั่นส์ จำกัด,1371 อาคารแคปปิตอลแมนชั่น แขวงพญาไท เขตพญาไท กรุงเทพมหานคร 10400
C74,บริษัท โกไฟว์ จำกัด,30/88 หมู่ที่ 1 ถนนเจษฎาวิถี ตำบลโคกขาม อำเภอเมืองสมุทรสาคร จ.สมุทรสาคร 74000
C75,บริษัท แอสเซนด์ กรุ๊ป จำกัด,101 ทรู ดิจิทัล พาร์ค อาคารฟีนิกซ์ ชั้น 9-10 ถนนสุขุมวิท แขวงบางจาก เขตพระโขนง กรุงเทพมหานคร 10260
C76,บริษัท บีทามส์ โซลูชั่น จำกัด,84/4 ซอยสุขุมวิท 62 ถนนสุขุมวิท แขวงบางจาก เขตพระโขนง กรุงเทพมหานคร 10260
C77,บริษัท ลูลู่ เทคโนโลยี จำกัด,110/1 อาคารเคเอกซ์ ชั้นที่ 18 ถนนกรุงธนบุรี แขวงบางลำภูล่าง เขตคลองสาน กรุงเทพมหานคร 10600
C78,บริษัท เฮาส์ออฟเดฟ เทคโนโลยี จำกัด,15 อาคารรัจนาการ ชั้น12บี ซอยประดิพัทธ์ 17 ถนนประดิพัทธ์ แขวงพญาไท เขตพญาไท กรุงเทพมหานคร 10400
C79,บริษัท ยิบอินซอย จำกัด,523 ถนนมหาพฤฒาราม แขวงมหาพฤฒาราม เขตบางรัก กรุงเทพมหานคร 10500
C80,บริษัท จัดหางาน จ๊อบบีเคเค ดอท คอม จำกัด,625 อาคารทัศนียา ห้องเลขที่ ยูนิตดี ชั้นที่ 5 ซอยรามคำแหง 39 ถนนประชาอุทิศ แขวงวังทองหลาง เขตวังทองหลาง กรุงเทพมหานคร 10310
C81,บริษัท ล็อกซเล่ย์ จำกัด (มหาชน),102 ถนนณ ระนอง แขวงคลองเตย เขตคลองเตย กรุงเทพมหานคร 10110
C82,บริษัท โมบาย คอนเน็ค จำกัด,1111/84 ถนนลาดพร้าว แขวงจันทรเกษม เขตจตุจักร กรุงเทพมหานคร 10900
C83,อีวาย คาร์ปอเรท เซอร์วิสเซส,193/136-137 อาคารเลครัชดา ชั้น 33 ถนนรัชดาภิเษก แขวงคลองเตย เขตคลองเตย กรุงเทพมหานคร 10110
C84,บริษัท เอสซีจีซี ไอโค พอลิเมอร์ จำกัด,1 ถนนปูนซิเมนต์ไทย แขวงบางซื่อ เขตบางซื่อ กรุงเทพมหานคร 10800
C85,บริษัท วีคาโบ้ จำกัด,11/1 ซอยประชาราษฎร์ 14 แยก 1 ตำบลตลาดขวัญ อำเภอเมืองนนทบุรี จ.นนทบุรี 11000
C86,บริษัท ยูนิ ซีเคียวริตี้ จำกัด,198/426 หมู่ที่ 7ซอย 2 ตำบลมหาสวัสดิ์ อำเภอบางกรวย จ.นนทบุรี 11130
C87,บริษัท แคนนอน ไฮ-เทค (ประเทศไทย) จำกัด,89 หมู่ที่ 1 ตำบลบ้านเลน อำเภอบางปะอิน จ.พระนครศรีอยุธยา 13160
C88,บริษัท ร่วมเจริญพัฒนา จำกัด (มหาชน),"บ้านเลขที่ 99, 25/18-20 หมู่ที่ 4 ตำบลบางตลาด อำเภอปากเกร็ด จ.นนทบุรี 11120"